AskMen,,AskWomen,,TheRedPill,,MensRights,,Feminism,
AskMen,1,AskWomen,1,TheRedPill,1,MensRights,1,Feminism,1
OkCupid,0.7701158519,relationships,0.946759005,asktrp,0.8319370349,uncensorednews,0.7731055767,MensLib,0.8053703202
dating_advice,0.7579016056,TheGirlSurvivalGuide,0.9256441087,MGTOW,0.7921187177,sjwhate,0.7723143587,FemmeThoughts,0.7942404784
relationship_advice,0.7525817899,TwoXChromosomes,0.8946450003,seduction,0.7436993821,pussypassdenied,0.7363287619,AskFeminists,0.7894126109
AskMenOver30,0.7393893644,TrollXChromosomes,0.8841084787,marriedredpill,0.7139511145,SocialJusticeInAction,0.7154946989,TwoXChromosomes,0.7431250682
datingoverthirty,0.7363068668,askwomenadvice,0.8819639215,PurplePillDebate,0.7041651464,SRSsucks,0.6853066582,feminisms,0.7427575228
dating,0.7325270146,offmychest,0.8765630973,WhereAreAllTheGoodMen,0.6808297569,PussyPass,0.6849267254,TheBluePill,0.7353202819
relationships,0.704560251,childfree,0.8744404184,askMRP,0.6584978051,HillaryForPrison,0.6771273692,GenderCritical,0.7345856568
Advice,0.6974991984,raisedbynarcissists,0.8739554791,JordanPeterson,0.6568754519,HillaryMeltdown,0.6725447015,blackladies,0.7242254302
AskWomen,0.6897161163,SkincareAddiction,0.8683715917,NoFap,0.6457768051,WhereAreAllTheGoodMen,0.663749306,againstmensrights,0.7198057695
askwomenadvice,0.688719301,femalefashionadvice,0.8678696758,DarkEnlightenment,0.6373427704,subredditcancer,0.663273611,TrollXChromosomes,0.710820006
sex,0.6812844917,AskWomenOver30,0.8666889507,RedPillWomen,0.6243314857,ShitPoliticsSays,0.6631416121,SRSDiscussion,0.7042329546
offmychest,0.6800491022,birthcontrol,0.8644547252,Incels,0.6117117755,ImGoingToHellForThis,0.6611775456,actuallesbians,0.7038091541
socialskills,0.6791741815,MakeupAddiction,0.8643299309,MensRights,0.6066288987,conspiracy,0.655030947,women,0.6836476072
confession,0.671150263,curlyhair,0.862102504,steroids,0.6043111938,OffensiveSpeech,0.6550026762,socialjustice101,0.6741443694
PurplePillDebate,0.6684098209,loseit,0.8591068274,,,AskThe_Donald,0.6522550122,vegan,0.672611519
CasualConversation,0.6546919228,bigboobproblems,0.8549331375,,,Libertarian,0.6522254485,ainbow,0.6661494016
RedPillWomen,0.6542252206,relationship_advice,0.8524780186,,,TumblrInAction,0.642690975,AskWomen,0.6617176246
AskWomenOver30,0.6495402259,ABraThatFits,0.8505148694,,,atheism,0.6423506413,genderqueer,0.6531903791
TrueOffMyChest,0.6473809215,namenerds,0.8481412704,,,Bad_Cop_No_Donut,0.6364297995,aspergirls,0.6525987245
seduction,0.6446837457,xxfitness,0.8464800014,,,altright,0.6362907749,AskTrollX,0.6519141778
DeadBedrooms,0.6446101301,1200isplenty,0.8383990007,,,undelete,0.6359418261,vegetarian,0.6516443615
needadvice,0.6349986789,AskTrollX,0.8344545571,,,Documentaries,0.6342045881,lgbt,0.6466659952
SeriousConversation,0.632089346,LongDistance,0.8320862286,,,Drama,0.6334715395,transgender,0.6413093838
amiugly,0.624586494,weddingplanning,0.8280012298,,,The_Donald,0.6308154081,exchristian,0.6403204711
introvert,0.6234543189,JUSTNOMIL,0.8144326161,,,FeMRADebates,0.6244059701,badwomensanatomy,0.6381918176
TwoXChromosomes,0.621349822,stepparents,0.8108848139,,,antifa,0.6235439089,TheGirlSurvivalGuide,0.6376459343
ForeverAlone,0.620020123,raisedbyborderlines,0.810207259,,,KotakuInAction,0.6232227494,TransSpace,0.6355246498
jobs,0.6164810684,PCOS,0.809743367,,,worldpolitics,0.6159417999,GirlGamers,0.6312059532
Divorce,0.6095728404,FancyFollicles,0.8070160125,,,AskTrumpSupporters,0.6156486828,raisedbynarcissists,0.6306207532
asktrp,0.6053102645,progresspics,0.8032932208,,,Conservative,0.6072987246,bisexual,0.6295745327
tall,0.6031936661,breakingmom,0.8027300839,,,MGTOW,0.6069710418,GenderCynical,0.626719375
rant,0.6023281956,dogs,0.801253589,,,TheRedPill,0.6066288987,BodyAcceptance,0.6254302006
,,Anxiety,0.7987773825,,,Shitstatistssay,0.6048750238,pagan,0.6250855591
,,aspergirls,0.7932157286,,,DebateAltRight,0.6043887228,raisedbyborderlines,0.6213139977
,,wedding,0.7921847394,,,nottheonion,0.6035895426,LesbianActually,0.6209413976
,,knitting,0.7909110417,,,rage,0.6022422121,childfree,0.6202457452
,,muacjdiscussion,0.7893718685,,,CringeAnarchy,0.6009135662,polyamory,0.6131715795
,,xxketo,0.7890388657,,,,,asexuality,0.6126062721
,,Pets,0.7871365284,,,,,AskWomenOver30,0.6064880033
,,crochet,0.7858961178,,,,,disability,0.6056847887
,,blackladies,0.7853741368,,,,,rapecounseling,0.6032911486
,,piercing,0.7839832785,,,,,ADHD,0.6014990232
,,AsianBeauty,0.7822781526,,,,,offmychest,0.6005994514
,,muacirclejerk,0.7807180486,,,,,,
,,Makeup,0.780383153,,,,,,
,,migraine,0.7790567788,,,,,,
,,Mommit,0.7786333728,,,,,,
,,Parenting,0.7775797257,,,,,,
,,Weddingsunder10k,0.7775713518,,,,,,
,,BabyBumps,0.7764667682,,,,,,
,,Marriage,0.7742629552,,,,,,
,,ADHD,0.7735139056,,,,,,
,,Fibromyalgia,0.7734642617,,,,,,
,,sugarfreemua,0.7733270879,,,,,,
,,BeautyGuruChatter,0.7732985431,,,,,,
,,MakeupRehab,0.7719355679,,,,,,
,,90DayFiance,0.771377477,,,,,,
,,RedditLaqueristas,0.7711763155,,,,,,
,,BPD,0.7709812805,,,,,,
,,TryingForABaby,0.7696643445,,,,,,
,,pregnant,0.7696371386,,,,,,
,,Hair,0.768134188,,,,,,
,,GilmoreGirls,0.7673206864,,,,,,
,,socialwork,0.7670986439,,,,,,
,,LadyBoners,0.765763608,,,,,,
,,makeupexchange,0.7651599823,,,,,,
,,drugstoreMUA,0.7647967681,,,,,,
,,GenderCritical,0.7633355408,,,,,,
,,LifeAfterNarcissism,0.7631254776,,,,,,
,,Nanny,0.7629633241,,,,,,
,,HaircareScience,0.7621931333,,,,,,
,,Advice,0.7613745477,,,,,,
,,braswap,0.7613294992,,,,,,
,,sewing,0.7576844574,,,,,,
,,JustEngaged,0.7568500279,,,,,,
,,proED,0.7566738915,,,,,,
,,BeautyBoxes,0.756257846,,,,,,
,,Teachers,0.7557121486,,,,,,
,,actuallesbians,0.7552038946,,,,,,
,,entwives,0.7536905674,,,,,,
,,JUSTNOFAMILY,0.7526157901,,,,,,
,,beyondthebump,0.7524815286,,,,,,
,,AskDocs,0.752481262,,,,,,
,,CrossStitch,0.7486082887,,,,,,
,,USMilitarySO,0.7481906229,,,,,,
,,teenmom,0.7477527753,,,,,,
,,Baking,0.7475735259,,,,,,
,,Miscarriage,0.7472534815,,,,,,
,,TwoXADHD,0.7461416939,,,,,,
,,JustNoSO,0.7455227853,,,,,,
,,PanPorn,0.7451161699,,,,,,
,,bipolar,0.7444758093,,,,,,
,,CasualConversation,0.7434832567,,,,,,
,,Adoption,0.7432652788,,,,,,
,,breastfeeding,0.7431282935,,,,,,
,,TrollXMoms,0.7431179813,,,,,,
,,TeenMomOGandTeenMom2,0.7428701881,,,,,,
,,vaginismus,0.7422607912,,,,,,
,,VeganBeauty,0.7415635341,,,,,,
,,Indiemakeupandmore,0.7393168314,,,,,,
,,NarcissisticAbuse,0.7366861288,,,,,,
,,menstrualcups,0.7359168849,,,,,,
,,TFABLinePorn,0.7323190418,,,,,,
,,Dogtraining,0.7319350262,,,,,,
,,BeautyGuruChat,0.7311099876,,,,,,
,,Endo,0.7311085324,,,,,,
,,TheHandmaidsTale,0.7309650354,,,,,,
,,BipolarReddit,0.7304871931,,,,,,
,,ECEProfessionals,0.7304614435,,,,,,
,,bulletjournal,0.7299716869,,,,,,
,,cats,0.7294739724,,,,,,
,,Rabbits,0.7288759609,,,,,,
,,ptsd,0.7285391091,,,,,,
,,secretsanta,0.7281112469,,,,,,
,,needadvice,0.727954121,,,,,,
,,nursing,0.7275919866,,,,,,
,,RandomActsofMakeup,0.7264529195,,,,,,
,,Interstitialcystitis,0.7261933022,,,,,,
,,vegetarian,0.72480005,,,,,,
,,AmItheAsshole,0.7242609745,,,,,,
,,puppy101,0.7237516798,,,,,,
,,fuckeatingdisorders,0.7231436878,,,,,,
,,FrugalFemaleFashion,0.7227939,,,,,,
,,ChronicPain,0.7227143287,,,,,,
,,beauty,0.7219599841,,,,,,
,,suggestmeabook,0.7215945384,,,,,,
,,datingoverthirty,0.7206664909,,,,,,
,,AskVet,0.7203271958,,,,,,
,,Naturalhair,0.7200937011,,,,,,
,,GriefSupport,0.7181483329,,,,,,
,,declutter,0.7180318214,,,,,,
,,antiMLM,0.717795603,,,,,,
,,OkCupid,0.7164111692,,,,,,
,,MUAontheCheap,0.7151621156,,,,,,
,,TwoXSex,0.7125226672,,,,,,
,,infertility,0.7122657266,,,,,,
,,femalehairadvice,0.7095656162,,,,,,
,,CautiousBB,0.709244581,,,,,,
,,TTC30,0.7088760912,,,,,,
,,polyamory,0.7079130771,,,,,,
,,weightwatchers,0.7073448825,,,,,,
,,Youniqueamua,0.7072263218,,,,,,
,,BreakingBumps,0.70712937,,,,,,
,,UnresolvedMysteries,0.7066402978,,,,,,
,,BodyAcceptance,0.7045438472,,,,,,
,,ttcafterloss,0.7030414782,,,,,,
,,PaleMUA,0.7028448594,,,,,,
,,internetparents,0.7026370851,,,,,,
,,OliveMUA,0.702353132,,,,,,
,,MakeupEducation,0.7019185179,,,,,,
,,fatlogic,0.7015032224,,,,,,
,,thesims,0.6998700982,,,,,,
,,waiting_to_try,0.6994961513,,,,,,
,,LushCosmetics,0.6982994894,,,,,,
,,fringefashion,0.6979399493,,,,,,
,,Sororities,0.6978903729,,,,,,
,,My600lbLife,0.6976906093,,,,,,
,,weddingdress,0.6974723937,,,,,,
,,sex,0.6972547242,,,,,,
,,rapecounseling,0.6972194392,,,,,,
,,Assistance,0.6969469629,,,,,,
,,mentalhealth,0.6959580918,,,,,,
,,AustralianMakeup,0.6957938165,,,,,,
,,ibs,0.6956243568,,,,,,
,,RedPillWomen,0.6950702204,,,,,,
,,IndieExchange,0.6949193168,,,,,,
,,brownbeauty,0.6942197789,,,,,,
,,etiquette,0.6942140888,,,,,,
,,TrollXWeddings,0.6939592716,,,,,,
,,EatCheapAndHealthy,0.6933897647,,,,,,
,,dysautonomia,0.6929532231,,,,,,
,,Random_Acts_Of_Amazon,0.6926515623,,,,,,
,,casualknitting,0.6916872472,,,,,,
,,greysanatomy,0.6916046594,,,,,,
,,MakeUpAddictionUK,0.6909570158,,,,,,
,,19KidsandCounting,0.6904967326,,,,,,
,,massage,0.6904611508,,,,,,
,,BreakingEggs,0.690368678,,,,,,
,,AskMen,0.6897161163,,,,,,
,,povertyfinance,0.6893830598,,,,,,
,,CountingOn,0.6891623666,,,,,,
,,dating_advice,0.6887560322,,,,,,
,,clothdiaps,0.688027806,,,,,,
,,AskParents,0.6877746752,,,,,,
,,homemaking,0.687650831,,,,,,
,,BravoRealHousewives,0.6871118628,,,,,,
,,acne,0.686969004,,,,,,
,,DuggarsSnark,0.6853641359,,,,,,
,,DeadBedrooms,0.6851189487,,,,,,
,,blogsnark,0.6847194658,,,,,,
,,succulents,0.6837482509,,,,,,
,,quilting,0.6836218426,,,,,,
,,cancer,0.6815999728,,,,,,
,,mueflair,0.6812552378,,,,,,
,,C25K,0.6810271254,,,,,,
,,vegan,0.6809919056,,,,,,
,,disability,0.6809288917,,,,,,
,,YAlit,0.68020617,,,,,,
,,JuneBumpers2017,0.6800321772,,,,,,
,,1200isfineIGUESSugh,0.6798446709,,,,,,
,,EDAnonymous,0.679379329,,,,,,
,,FashionPlus,0.6791984364,,,,,,
,,BALLET,0.6789175474,,,,,,
,,StudentNurse,0.6786286817,,,,,,
,,BDSMcommunity,0.6777225705,,,,,,
,,confession,0.6771181409,,,,,,
,,moderatelygranolamoms,0.6764966709,,,,,,
,,FreeCompliments,0.6759730683,,,,,,
,,May2018Bumpers,0.6753234919,,,,,,
,,LetsNotMeet,0.6743034657,,,,,,
,,asianbeautyexchange,0.6742808377,,,,,,
,,yoga,0.6730406465,,,,,,
,,InfertilityBabies,0.6727135086,,,,,,
,,calmhands,0.6726191227,,,,,,
,,makeupflatlays,0.6723493382,,,,,,
,,starbucks,0.6721201105,,,,,,
,,Hypothyroidism,0.6716176534,,,,,,
,,EngagementRings,0.6710596686,,,,,,
,,Divorce,0.6705340728,,,,,,
,,Outlander,0.6705193441,,,,,,
,,ZeroWaste,0.6699881262,,,,,,
,,emetophobia,0.6689280771,,,,,,
,,badwomensanatomy,0.6684757189,,,,,,
,,introvert,0.6670315274,,,,,,
,,Fencesitter,0.6662669426,,,,,,
,,MakeupAddictionCanada,0.6661484758,,,,,,
,,Embroidery,0.6641566732,,,,,,
,,CompulsiveSkinPicking,0.663542085,,,,,,
,,shittyteenmom,0.6626715872,,,,,,
,,MomForAMinute,0.6625775532,,,,,,
,,Feminism,0.6617176246,,,,,,
,,Healthyhooha,0.6599404018,,,,,,
,,fatpeoplestories,0.6599317633,,,,,,
,,GirlGamers,0.6594611442,,,,,,
,,rollerderby,0.6588612134,,,,,,
,,BingeEatingDisorder,0.658749407,,,,,,
,,Mildlynomil,0.6584715521,,,,,,
,,CPTSD,0.6583709735,,,,,,
,,TalesFromYourServer,0.6579672608,,,,,,
,,KaylaItsines,0.6579582553,,,,,,
,,PlusSize,0.6573524713,,,,,,
,,SkincareAddicts,0.6571312882,,,,,,
,,stopdrinking,0.6561756213,,,,,,
,,GestationalDiabetes,0.6556216138,,,,,,
,,Instagramreality,0.6554324812,,,,,,
,,hoarding,0.6544754529,,,,,,
,,Narcolepsy,0.6544349521,,,,,,
,,rape,0.6544177895,,,,,,
,,glutenfree,0.6542936566,,,,,,
,,slp,0.6541986288,,,,,,
,,AsianParentStories,0.6531521749,,,,,,
,,MakeupAddicts,0.6522519315,,,,,,
,,konmari,0.6511195458,,,,,,
,,RATS,0.6510149114,,,,,,
,,badroommates,0.6508691921,,,,,,
,,ffacj,0.6506660875,,,,,,
,,popping,0.650499293,,,,,,
,,ProjectRunway,0.6503702925,,,,,,
,,TrollXOver30,0.6499334054,,,,,,
,,RandomActsOfPolish,0.6489263033,,,,,,
,,dating,0.6487446801,,,,,,
,,TrueOffMyChest,0.6483895178,,,,,,
,,redditgetsdrawn,0.6480912284,,,,,,
,,LadiesofScience,0.6478087859,,,,,,
,,paralegal,0.6476369177,,,,,,
,,RandomActsofCards,0.6471904377,,,,,,
,,oneanddone,0.6471222932,,,,,,
,,rant,0.6466596649,,,,,,
,,ehlersdanlos,0.646438009,,,,,,
,,whole30,0.644903492,,,,,,
,,LuLaNo,0.6439183319,,,,,,
,,sleeptrain,0.6435659765,,,,,,
,,women,0.6434790358,,,,,,
,,Sephora,0.6433965113,,,,,,
,,Aerials,0.6428074339,,,,,,
,,keto,0.6410610917,,,,,,
,,booksuggestions,0.6404248438,,,,,,
,,truechildfree,0.6403888291,,,,,,
,,infj,0.6400357848,,,,,,
,,TLCsisterwives,0.6396710496,,,,,,
,,AlAnon,0.6392421006,,,,,,
,,AskRetail,0.6392108713,,,,,,
,,HoodedEyes,0.6386004704,,,,,,
,,seekingsisterwifetlc,0.6378984974,,,,,,
,,girls,0.6376245543,,,,,,
,,AskFeminists,0.636897737,,,,,,
,,FormulaFeeders,0.6363794963,,,,,,
,,DIYBeauty,0.6363411123,,,,,,
,,IFchildfree,0.6356331359,,,,,,
,,Skincare_Addiction,0.6349660295,,,,,,
,,dementia,0.6345889123,,,,,,
,,Horses,0.6337271466,,,,,,
,,sailormoon,0.633436353,,,,,,
,,bettafish,0.6332034451,,,,,,
,,depression,0.6331845309,,,,,,
,,aspergers,0.6331801364,,,,,,
,,Rosacea,0.6331309665,,,,,,
,,lupus,0.6331058028,,,,,,
,,Wishlist,0.6327157924,,,,,,
,,SeriousConversation,0.6325688807,,,,,,
,,babywearing,0.6318964209,,,,,,
,,Menopause,0.6311854711,,,,,,
,,teaching,0.6309871888,,,,,,
,,Gymnastics,0.6305059622,,,,,,
,,vanderpumprules,0.6304327655,,,,,,
,,autism,0.6297521278,,,,,,
,,TrollCooking,0.6291050476,,,,,,
,,AussieMakeupExchange,0.6285380056,,,,,,
,,StrongCurves,0.6280176292,,,,,,
,,bodymods,0.6277288497,,,,,,
,,dancemoms,0.6269109628,,,,,,
,,Oct2018BabyBumps,0.6268763553,,,,,,
,,Etsy,0.6263256474,,,,,,
,,TrollXSupport,0.6258767857,,,,,,
,,Nails,0.6256928374,,,,,,
,,AskHR,0.624631192,,,,,,
,,workingmoms,0.6246167906,,,,,,
,,1200isjerky,0.6241331642,,,,,,
,,librarians,0.6241098217,,,,,,
,,FemmeThoughts,0.624040047,,,,,,
,,CleaningTips,0.6239592486,,,,,,
,,30PlusSkinCare,0.623224761,,,,,,
,,abusiverelationships,0.6229266511,,,,,,
,,GiftIdeas,0.6226976323,,,,,,
,,jobs,0.6224618761,,,,,,
,,XXRunning,0.6210169964,,,,,,
,,toddlers,0.6209148448,,,,,,
,,legaladvice,0.6205620832,,,,,,
,,Equestrian,0.6205426829,,,,,,
,,NameNerdCirclejerk,0.6200444249,,,,,,
,,VetTech,0.6200072688,,,,,,
,,stilltrying,0.6199721444,,,,,,
,,wardrobepurge,0.6197778171,,,,,,
,,crafts,0.6194322864,,,,,,
,,Chihuahua,0.6191684754,,,,,,
,,survivinginfidelity,0.6190167192,,,,,,
,,Invisalign,0.6181689642,,,,,,
,,CrohnsDisease,0.6180672079,,,,,,
,,SantasLittleHelpers,0.6178942914,,,,,,
,,Jan2019BabyBumps,0.6162050359,,,,,,
,,orangetheory,0.6160216164,,,,,,
,,awfuleyebrows,0.6157217083,,,,,,
,,houseplants,0.6155183746,,,,,,
,,LingerieAddiction,0.6152772035,,,,,,
,,Random_Acts_of_Lush,0.6152016358,,,,,,
,,Celiac,0.6146784965,,,,,,
,,thebachelor,0.6145853797,,,,,,
,,SCAcirclejerk,0.614362696,,,,,,
,,tarot,0.6138474364,,,,,,
,,skincareexchange,0.6135267182,,,,,,
,,Reduction,0.6126207918,,,,,,
,,MultipleSclerosis,0.6125390016,,,,,,
,,bestoflegaladvice,0.6122605787,,,,,,
,,orangeisthenewblack,0.611911897,,,,,,
,,BreakUps,0.6114220347,,,,,,
,,LesbianActually,0.6112536629,,,,,,
,,wls,0.6111870561,,,,,,
,,NaturalBeauty,0.6110980072,,,,,,
,,May2017Bumpers,0.6110026252,,,,,,
,,SkincareAddictionUK,0.6109038219,,,,,,
,,cna,0.6105760531,,,,,,
,,sterilization,0.6099517193,,,,,,
,,smallboobproblems,0.6098834662,,,,,,
,,NovemberBumps2016,0.6096440315,,,,,,
,,psychotherapy,0.6094959072,,,,,,
,,medical,0.6090427279,,,,,,
,,AsianBeautyRehab,0.6074875953,,,,,,
,,harrypotter,0.607138409,,,,,,
,,creepyPMs,0.6070843824,,,,,,
,,EatingDisorders,0.6066818735,,,,,,
,,Genealogy,0.6066017551,,,,,,
,,widowers,0.6057034545,,,,,,
,,getting_over_it,0.6054115517,,,,,,
,,NoPoo,0.604947086,,,,,,
,,Legitpiercing,0.604927829,,,,,,
,,poledancing,0.6048675043,,,,,,
,,April2017Bumpers,0.6048590493,,,,,,
,,AmateurRoomPorn,0.6043415125,,,,,,
,,UnsentLetters,0.6036124272,,,,,,
,,jerseyshore,0.6035086963,,,,,,
,,halloween,0.6033433908,,,,,,
,,abdiscussion,0.6026152871,,,,,,
,,ANTM,0.6024607585,,,,,,
,,menstruation,0.6022382094,,,,,,
,,loveafterlockup,0.6014807597,,,,,,
,,Real_parents,0.6014666392,,,,,,
,,Sep2018BabyBumps,0.6013005419,,,,,,
,,ketorecipes,0.6010778522,,,,,,
,,KetoBabies,0.6004640955,,,,,,
,,eczema,0.6001642768,,,,,,
,,EOOD,0.6001345275,,,,,,
